#METADATA,,,,,,,,,,,,,,,,,,,,,,,,,,,,,,,,,,,,,,,,,,,,,,,,,,,
#Channel identifier,Info_Respondent_Gender,Info_Respondent_Age,Info_Respondent_Group,Info_Respondent_GazeCalibration,Info_Interval_Type,Info_Interval_Group,Info_Interval_Label,Info_Interval_Start,Info_Interval_Duration,Info_Interval_ParentLabel,Info_Interval_ParentStart,Info_Interval_ParentDuration,Info_AOI_Duration%,Info_AOI_ValidData,Info_AOI_SizePx2,Info_AOI_SizeCm2,Info_AOI_Size%,AOI_GazeMetrics_DwellCount,AOI_GazeMetrics_RevisitCountGazeDwells,AOI_GazeMetrics_HitSequence,AOI_GazeMetrics_HitTimeAoi,AOI_GazeMetrics_HitTimeParent,AOI_GazeMetrics_DwellTimeGazeMs,AOI_GazeMetrics_DwellTimeGaze%,AOI_GazeMetrics_FirstDwellDuration,AOI_GazeMetrics_LastDwellDuration,AOI_GazeMetrics_SkipCount,AOI_FixationMetrics_DwellsFixations,AOI_FixationMetrics_RevisitCountFixationDwells,AOI_FixationMetrics_FixationCount,AOI_FixationMetrics_TtffSequence,AOI_FixationMetrics_TtffAoi,AOI_FixationMetrics_TtffParent,AOI_FixationMetrics_TtffMax,AOI_FixationMetrics_DwellTimeFixationMs,AOI_FixationMetrics_DwellTimeFixation%,AOI_FixationMetrics_DurationFixation,AOI_FixationMetrics_FirstFixationDuration,AOI_FixationMetrics_LastFixationDuration,AOI_FixationMetrics_DispersionFixation,AOI_SaccadeMetrics_DwellsSaccades,AOI_SaccadeMetrics_SaccadeCount,AOI_SaccadeMetrics_EntrySaccadeOnsetAoi,AOI_SaccadeMetrics_EntrySaccadeOnsetParent,AOI_SaccadeMetrics_DurationSaccade,AOI_SaccadeMetrics_AmplitudeSaccade,AOI_SaccadeMetrics_PeakVelocitySaccade,AOI_SaccadeMetrics_PeakAccelerationSaccade,AOI_SaccadeMetrics_PeakDecelerationSaccade,AOI_SaccadeMetrics_DirectionSaccade,AOI_MouseMetrics_MouseClicks
#Group,Respondent Info,Respondent Info,Respondent Info,Respondent Info,Interval Info,Interval Info,Interval Info,Interval Info,Interval Info,Interval Info,Interval Info,Interval Info,AOI Info,AOI Info,AOI Info,AOI Info,AOI Info,Gaze based metrics,Gaze based metrics,Gaze based metrics,Gaze based metrics,Gaze based metrics,Gaze based metrics,Gaze based metrics,Gaze based metrics,Gaze based metrics,Gaze based metrics,Fixation based metrics,Fixation based metrics,Fixation based metrics,Fixation based metrics,Fixation based metrics,Fixation based metrics,Fixation based metrics,Fixation based metrics,Fixation based metrics,Fixation based metrics,Fixation based metrics,Fixation based metrics,Fixation based metrics,Saccade based metrics,Saccade based metrics,Saccade based metrics,Saccade based metrics,Saccade based metrics,Saccade based metrics,Saccade based metrics,Saccade based metrics,Saccade based metrics,Saccade based metrics,Mouse based metrics
#Unit,,,,,,,,Milliseconds,Milliseconds,,Milliseconds,Milliseconds,Percentage,Percentage,Square pixels,Square centimeters,Percentage,,,Index,Milliseconds,Milliseconds,Milliseconds,Percentage,Milliseconds,Milliseconds,,,,,Index,Milliseconds,Milliseconds,Milliseconds,Milliseconds,Percentage,Milliseconds,Milliseconds,Milliseconds,Degrees,,,Milliseconds,Milliseconds,Milliseconds,Degrees,Degrees per second,Degrees per second squared,Degrees per second squared,Degrees,
#Short unit,,,,,,,,ms,ms,,ms,ms,%,%,px^2,cm^2,%,,,,ms,ms,ms,%,ms,ms,,,,,,ms,ms,ms,ms,%,ms,ms,ms,deg,,,ms,ms,ms,deg,deg/s,deg/s^2,deg/s^2,deg,
#Description,Gender of the respondent.,Age of the respondent.,Group of the respondent.,Respondent's result from the eyetracker calibration.,Type of the interval that the metrics refers to.,Group of the interval.,Name of the interval.,Start time of the interval (relative to recording start).,Duration of the interval.,Name of the parent.,Start time of the parent (relative to recording start).,Duration of the parent.,Percentage of the parent's duration during which the AOI was active.,Percentage of collected and interpolated samples during the interval. Values below 100% indicate missing data.,Size of the AOI in square pixels.,Size of the AOI in square centimeters.,Percentage of the stimulus' area covered by the AOI.,Count of how often the respondent's gaze entered the AOI (i.e. how often the AOI was visited).,Count of how often the respondent looked back at the AOI after the first dwell.,Index of the order in which the AOIs were gazed at for the first time for the current parent.,Time point at which the gaze entered the AOI for the first time (relative to AOI onset).,Time point at which the gaze entered the AOI for the first time (relative to parent interval onset).,Total time during which the respondent's gaze was recorded inside the AOI.,How much time the respondent spent gazing at the AOI in relation to the time during which the AOI was active.,Duration of the respondent's very first dwell on the AOI.,Duration of the respondent's very last dwell on the AOI.,How many gaze dwells there were without any detected fixation.,"Count of how often the respondent looked at the AOI and fixated on it at least once.  A new dwell is counted if the respondent fixated at any location outside the AOI, and then revisited the AOI with at least one fixation.",Count of how often the respondent looked back and fixated at the AOI after the first dwell.,"Count of all fixations detected inside the AOI, summed up across all dwells.",Index of the order in which the AOIs were fixated at for the first time for the current parent.,Start time of the respondent's first fixation detected inside the AOI (relative to AOI onset).,Start time of the respondent's first fixation detected inside the AOI (relative to parent interval onset).,"Start time of the respondent's first fixation detected inside the AOI (relative to parent interval onset). In case the respondent did not fixate on the AOI, the parent's presentation duration (as maximally possible time) is used as TTFF.",Total time the respondent spent fixating at the AOI (i.e. the sum of all fixation durations inside this AOI).,How much time the respondent spent fixating at the AOI in relation to the time during which the AOI was active.,Average duration of all the respondent's fixations detected inside the AOI.,Duration of the respondent's very first fixation detected inside the AOI.,Duration of the respondent's very last fixation detected inside the AOI.,Average dispersion of all the respondent's fixations detected inside the AOI (i.e. how much the fixation's gaze points are spread out).,Count of how often the respondent looked at the AOI with at least one whole saccade detected between entry and exit.,"Count of all saccades with start and end points detected inside the AOI, summed up across all dwells.",Start time of the respondent's first saccade entering the AOI (relative to AOI onset).,Start time of the respondent's first saccade entering the AOI (relative to parent interval onset).,Average duration of all the respondent's saccades detected inside the AOI.,Average amplitude of all the respondent's saccades detected inside the AOI (i.e. angular distance that the eyes travelled from start point to end point).,Average peak velocity of all the respondent's saccades detected inside the AOI (i.e.  the maximal speed of the eyes during this saccade).,Average peak acceleration of all the respondent's saccades detected inside the AOI (i.e.  the maximal increase in speed of the eyes during this saccade).,Average peak deceleration of all the respondent's saccades detected inside the AOI (i.e.  the maximal decrease in speed of the eyes during this saccade).,"Average direction of all the respondent's saccades detected inside the AOI, indicated as clockwise angles: 0 degrees mean a horizontal saccade from left to right, 90 degrees a vertical saccade from top to bottom.",Count of all the respondent's mouse clicks detected inside the AOI.
#DATA,,,,,,,,,,,,,,,,,,,,,,,,,,,,,,,,,,,,,,,,,,,,,,,,,,,
Study Name,Respondent Gender,Respondent Age,Respondent Group,Gaze Calibration,Type,Group,Label,Start,Duration (ms),Parent Label,Parent Start,Parent Duration,Duration (%),Valid data,Size (px2),Size (cm2),Size (%),Dwell count,Revisit count (gaze dwells),Hit sequence,Hit time (AOI),Hit time (Parent),"Dwell time (gaze, ms)","Dwell time (gaze, %)",First dwell duration,Last dwell duration,Skip count,Dwells with fixations,Revisit count (fixation dwells),Fixation count,TTFF sequence,TTFF (AOI),TTFF (Parent),TTFF (max.),"Dwell time (fixation, ms)","Dwell time (fixation, %)",Duration of average fixation,First fixation duration,Last fixation duration,Dispersion of average fixation,Dwells with saccades,Saccade count,Entry saccade onset (AOI),Entry saccade onset (Parent),Duration of average saccade,Amplitude of average saccade,Peak velocity of average saccade,Peak acceleration of average saccade,Peak deceleration of average saccade,Direction of average saccade,Mouse click count
ChatGPTSeperated,MALE,25,PhD student,Good,Stimulus,,Exercise 1,480.78,304357.42,,,,,,,,,,,,,,,,,,,,,,,,,,,,,,,,,,,,,,,,,,
ChatGPTSeperated,MALE,25,PhD student,Good,Gazemapping,,exercise1,8660.78,295924,Exercise 1,480.78,304357.42,,,,,,,,,,,,,,,,,,,,,,,,,,,,,,,,,,,,,,,
ChatGPTSeperated,MALE,25,PhD student,Good,Static AOI,NA,ChatGPT,8660.78,295924,exercise1,8660.78,295924,100,82.71,954969.93,925.53,46.05,27,26,2,3582.55,3582.55,101572.15,34.32,1318.93,133.38,4,19,18,252,2,4007.99,4007.99,4007.99,71709.62,24.23,284.56,216.84,667.39,0.32,22,295,3558.79,3558.79,35.11,3.09,99.73,4029.38,-3314.32,183,19
ChatGPTSeperated,MALE,25,PhD student,Good,Static AOI,NA,Colab,8660.78,295924,exercise1,8660.78,295924,100,82.71,950293.66,921,45.83,29,28,1,12.06,12.06,178652.21,60.37,3556.33,1151.36,2,20,19,417,1,87.17,87.17,87.17,131597.78,44.47,315.58,634.02,133.56,0.32,24,521,NA,NA,35.79,4.17,112.49,4408.89,-4496.39,193.05,25
ChatGPTSeperated,MALE,25,PhD student,Good,Stimulus,,Exercise 2,305078.9,301329.08,,,,,,,,,,,,,,,,,,,,,,,,,,,,,,,,,,,,,,,,,,
ChatGPTSeperated,MALE,25,PhD student,Good,Gazemapping,,ex2,309296.9,296921,Exercise 2,305078.9,301329.08,,,,,,,,,,,,,,,,,,,,,,,,,,,,,,,,,,,,,,,
ChatGPTSeperated,MALE,25,PhD student,Good,Static AOI,NA,ChatGPT,309296.9,296921,ex2,309296.9,296921,100,57.5,913168,885.02,44.04,28,27,1,9.34,9.34,71977.81,24.24,383.78,9393.19,1,19,18,193,1,17.65,17.65,17.65,51671.64,17.4,267.73,216.89,1151.27,0.33,19,241,NA,NA,34.4,3.8,99.87,3555.33,-4013.78,175.83,4
ChatGPTSeperated,MALE,25,PhD student,Good,Static AOI,NA,Colab,309296.9,296921,ex2,309296.9,296921,100,57.5,849428.61,823.25,40.96,26,25,2,409.75,409.75,203686.87,68.6,417.12,5038.74,2,20,19,348,2,451.49,451.49,451.49,77398.55,26.07,222.41,200.2,200.19,0.36,19,497,384.73,384.73,37.83,4.29,114.6,4458.26,-4236.37,194.24,7
ChatGPTSeperated,MALE,25,PhD student,Good,Stimulus,,Exercise 3,606626.69,194037.27,,,,,,,,,,,,,,,,,,,,,,,,,,,,,,,,,,,,,,,,,,
ChatGPTSeperated,MALE,25,PhD student,Good,Dynamic AOI,NA,Colab,606626.69,194037.27,Exercise 3,606626.69,194037.27,100,45.03,NA,NA,NA,29,28,1,9.9,9.9,106020.53,54.64,266.86,1067.77,5,15,14,211,1,0,0,0,49235.19,25.37,233.34,18.23,881.31,0.42,23,402,NA,NA,39.35,4.98,126.38,4765.71,-5388.2,187.41,2
ChatGPTSeperated,MALE,25,PhD student,Good,Gazemapping,,exer3,606626.69,193721,Exercise 3,606626.69,194037.27,,,,,,,,,,,,,,,,,,,,,,,,,,,,,,,,,,,,,,,
ChatGPTSeperated,MALE,25,PhD student,Good,Static AOI,NA,AOI 1,606626.69,193721,exer3,606626.69,193721,100,44.94,905767.93,877.85,43.68,27,26,1,9.9,9.9,107222.32,55.35,1268.02,750.76,6,14,13,212,1,84.97,84.97,84.97,49169.89,25.38,231.93,66.76,550.62,0.42,22,412,NA,NA,39.36,4.97,125.98,4765.7,-5398.29,188.5,2
ChatGPTSeperated,MALE,25,PhD student,Good,Static AOI,NA,AOI 2,606626.69,193721,exer3,606626.69,193721,100,44.94,913172.82,885.03,44.04,24,23,2,1294.53,1294.53,11830.16,6.11,1168,850.88,9,11,10,25,2,1319.6,1319.6,1319.6,6708.32,3.46,268.33,200.25,567.25,0.43,15,67,1219.54,1219.54,35.36,4.32,114.76,4486.87,-4636.23,174.44,1
ChatGPTSeperated,MALE,25,PhD student,Good,Stimulus,,Exercise 4,800884.51,359866.82,,,,,,,,,,,,,,,,,,,,,,,,,,,,,,,,,,,,,,,,,,
ChatGPTSeperated,MALE,25,PhD student,Good,Gazemapping,,Ex 4,800884.51,359554,Exercise 4,800884.51,359866.82,,,,,,,,,,,,,,,,,,,,,,,,,,,,,,,,,,,,,,,
ChatGPTSeperated,MALE,25,PhD student,Good,Static AOI,NA,ChatGPT,800884.51,359554,Ex 4,800884.51,359554,100,51.95,954748.17,925.32,46.04,18,17,2,1776.21,1776.21,50954.89,14.17,4371.27,7925.14,2,14,13,135,2,1801.26,1801.26,1801.26,36172.01,10.06,267.94,200.18,133.49,0.32,15,173,1734.51,1734.51,35.88,4.38,127.59,5272.3,-4626.02,166.19,6
ChatGPTSeperated,MALE,25,PhD student,Good,Static AOI,NA,Colab,800884.51,359554,Ex 4,800884.51,359554,100,51.95,941288.24,912.27,45.39,26,25,1,7.7,7.7,290112.53,80.69,950.97,2052.12,1,16,15,423,1,116.14,116.14,116.14,114069.81,31.73,269.67,200.17,433.8,0.33,20,573,NA,NA,34.71,4.17,108.25,4479.92,-3849.3,205.44,9
ChatGPTSeperated,MALE,24,Default,Excellent,Stimulus,,Exercise 1,233.72,403727.63,,,,,,,,,,,,,,,,,,,,,,,,,,,,,,,,,,,,,,,,,,
ChatGPTSeperated,MALE,24,Default,Excellent,Gazemapping,,exercise1,48383.72,355324,Exercise 1,233.72,403727.63,,,,,,,,,,,,,,,,,,,,,,,,,,,,,,,,,,,,,,,
ChatGPTSeperated,MALE,24,Default,Excellent,Static AOI,NA,ChatGPT,48383.72,355324,exercise1,48383.72,355324,100,63.93,954969.93,925.53,46.05,11,10,1,14.86,14.86,59331.9,16.7,11228.56,700.74,0,9,8,144,1,73.26,73.26,73.26,39021.48,10.98,270.98,216.86,333.66,0.28,9,149,NA,NA,33.72,2.88,84.52,3031.44,-2811,194.05,3
ChatGPTSeperated,MALE,24,Default,Excellent,Static AOI,NA,Colab,48383.72,355324,exercise1,48383.72,355324,100,63.93,950293.66,921,45.83,12,11,2,11260.04,11260.04,271365.02,76.37,82037.15,1301.41,1,10,9,297,2,11318.48,11318.48,11318.48,166744.55,46.93,561.43,133.51,200.22,0.34,11,356,11201.73,11201.73,31.16,2.92,115.47,3590.72,-4236.66,181.78,18
ChatGPTSeperated,MALE,24,Default,Excellent,Stimulus,,Exercise 2,404199.27,174672.91,,,,,,,,,,,,,,,,,,,,,,,,,,,,,,,,,,,,,,,,,,
ChatGPTSeperated,MALE,24,Default,Excellent,Gazemapping,,ex2,408111.27,170456,Exercise 2,404199.27,174672.91,,,,,,,,,,,,,,,,,,,,,,,,,,,,,,,,,,,,,,,
ChatGPTSeperated,MALE,24,Default,Excellent,Static AOI,NA,ChatGPT,408111.27,170456,ex2,408111.27,170456,100,96.06,913168,885.02,44.04,4,3,2,75747.99,75747.99,20954.56,12.29,3770.61,1751.87,0,2,1,57,2,75790,75790,75790,18303.84,10.74,321.12,216.6,216.86,0.28,3,54,75672.92,75672.92,35.52,2.92,79.82,3054.08,-2149.91,209.12,2
ChatGPTSeperated,MALE,24,Default,Excellent,Static AOI,NA,Colab,408111.27,170456,ex2,408111.27,170456,100,96.06,849428.61,823.25,40.96,7,6,1,1.32,1.32,145747.64,85.5,350.42,32801.21,1,4,3,360,1,9.7,9.7,9.7,128516.35,75.4,356.99,200.25,133.44,0.31,6,374,NA,NA,35.03,2.81,73.22,2661.08,-2296.44,176.98,9
ChatGPTSeperated,MALE,24,Default,Excellent,Stimulus,,Exercise 3,579103.53,214409.18,,,,,,,,,,,,,,,,,,,,,,,,,,,,,,,,,,,,,,,,,,
ChatGPTSeperated,MALE,24,Default,Excellent,Gazemapping,,exer3,580424.53,212854,Exercise 3,579103.53,214409.18,,,,,,,,,,,,,,,,,,,,,,,,,,,,,,,,,,,,,,,
ChatGPTSeperated,MALE,24,Default,Excellent,Static AOI,NA,AOI 1,580424.53,212854,exer3,580424.53,212854,100,78.88,905767.93,877.85,43.68,8,7,1,220.23,220.23,154510.18,72.59,73160.66,3069.98,0,5,4,287,1,261.98,261.98,261.98,124197.32,58.35,432.74,166.8,116.78,0.33,5,311,195.23,195.23,32.94,3.24,83.21,2675.69,-3121.56,183.36,12
ChatGPTSeperated,MALE,24,Default,Excellent,Static AOI,NA,AOI 2,580424.53,212854,exer3,580424.53,212854,100,78.88,913172.82,885.03,44.04,9,8,2,132610.07,132610.07,34502.44,16.21,1084.46,7741.46,0,4,3,92,2,132651.76,132651.76,132651.76,27530.79,12.93,299.25,133.44,416.82,0.28,5,97,132534.95,132534.95,33.01,3.03,83.33,3127.51,-2638.57,170.05,4
ChatGPTSeperated,MALE,24,Default,Excellent,Stimulus,,Exercise 4,793755.43,255636.92,,,,,,,,,,,,,,,,,,,,,,,,,,,,,,,,,,,,,,,,,,
ChatGPTSeperated,MALE,24,Default,Excellent,Gazemapping,,Ex 4,793755.43,255362,Exercise 4,793755.43,255636.92,,,,,,,,,,,,,,,,,,,,,,,,,,,,,,,,,,,,,,,
ChatGPTSeperated,MALE,24,Default,Excellent,Static AOI,NA,ChatGPT,793755.43,255362,Ex 4,793755.43,255362,100,74.88,954748.17,925.32,46.04,11,10,2,1265.7,1265.7,52674.15,20.63,5405.75,1001.13,0,8,7,133,2,1274.01,1274.01,1274.01,42177.34,16.52,317.12,317,266.94,0.27,9,131,1240.7,1240.7,39.99,4.01,99.53,3712.88,-3385.04,173.36,3
ChatGPTSeperated,MALE,24,Default,Excellent,Static AOI,NA,Colab,793755.43,255362,Ex 4,793755.43,255362,100,74.88,941288.24,912.27,45.39,7,6,1,14.3,14.3,198266.36,77.64,233.65,1234.64,0,7,6,312,1,22.69,22.69,22.69,128467.37,50.31,411.75,216.94,233.52,0.31,7,341,NA,NA,34.59,3.36,96.82,3164,-3339.38,183.8,7
ChatGPTSeperated,MALE,19,2026,Excellent,Stimulus,,Exercise 1,299.31,341487.58,,,,,,,,,,,,,,,,,,,,,,,,,,,,,,,,,,,,,,,,,,
ChatGPTSeperated,MALE,19,2026,Excellent,Gazemapping,,exercise1,4123.31,337409,Exercise 1,299.31,341487.58,,,,,,,,,,,,,,,,,,,,,,,,,,,,,,,,,,,,,,,
ChatGPTSeperated,MALE,19,2026,Excellent,Static AOI,NA,ChatGPT,4123.31,337409,exercise1,4123.31,337409,100,78.72,954969.93,925.53,46.05,42,41,2,2665.94,2665.94,264340.7,78.34,450.5,19537.35,3,14,13,538,2,2707.64,2707.64,2707.64,97653.3,28.94,181.51,166.86,83.45,0.48,23,1683,2590.81,2590.81,52.72,2.9,115.26,4680.3,-4867.73,183.78,23
ChatGPTSeperated,MALE,19,2026,Excellent,Static AOI,NA,Colab,4123.31,337409,exercise1,4123.31,337409,100,78.72,950293.66,921,45.83,20,19,1,79.79,79.79,51159.49,15.16,2569.4,5172.15,3,15,14,117,1,138.23,138.23,138.23,20305.08,6.02,173.55,183.53,216.97,0.48,17,301,54.81,54.81,44.62,5.56,122.53,4332.46,-5070.96,174.03,7
ChatGPTSeperated,MALE,19,2026,Excellent,Dynamic AOI,NA,chatgpt,5103.36,336683.53,Exercise 1,299.31,341487.58,98.59,79.13,NA,NA,NA,47,46,2,1685.9,6489.94,260196.4,77.28,450.5,19537.35,6,15,14,530,2,1710.91,6514.95,6514.95,100040.11,29.71,188.75,183.55,83.45,0.48,23,1665,1610.77,6414.81,52.15,2.87,114.47,4628.47,-4849.3,186.8,23
ChatGPTSeperated,MALE,19,2026,Excellent,Dynamic AOI,NA,code,5103.36,336683.53,Exercise 1,299.31,341487.58,98.59,79.13,NA,NA,NA,20,19,1,0.74,4804.79,52793.47,15.68,1668.4,5722.73,3,13,12,130,1,0,4804.05,4804.05,21398.55,6.36,164.6,92.5,100.14,0.5,14,328,NA,NA,43.95,5.18,121.67,4405.05,-5172.07,178,7
ChatGPTSeperated,MALE,19,2026,Excellent,Stimulus,,Exercise 2,342334.05,166668.57,,,,,,,,,,,,,,,,,,,,,,,,,,,,,,,,,,,,,,,,,,
ChatGPTSeperated,MALE,19,2026,Excellent,Gazemapping,,ex2,348120.05,160596,Exercise 2,342334.05,166668.57,,,,,,,,,,,,,,,,,,,,,,,,,,,,,,,,,,,,,,,
ChatGPTSeperated,MALE,19,2026,Excellent,Static AOI,NA,ChatGPT,348120.05,160596,ex2,348120.05,160596,100,88.75,913168,885.02,44.04,15,14,1,12.79,12.79,53326.21,33.21,1401.47,316.97,2,8,7,153,1,21.17,21.17,21.17,35203.78,21.92,230.09,216.93,200.42,0.49,9,295,NA,NA,35.35,3.28,89.12,3619.31,-3541.6,201.24,5
ChatGPTSeperated,MALE,19,2026,Excellent,Static AOI,NA,Colab,348120.05,160596,ex2,348120.05,160596,100,88.75,849428.61,823.25,40.96,20,19,2,1431.04,1431.04,97692.42,60.83,36972.48,767.47,3,11,10,291,2,1489.42,1489.42,1489.42,56609.45,35.25,194.53,133.41,83.43,0.45,15,572,1339.2,1339.2,40.32,3.89,95.25,3473.58,-4206.21,176.07,10
ChatGPTSeperated,MALE,19,2026,Excellent,Stimulus,,Exercise 3,509545.76,146592.87,,,,,,,,,,,,,,,,,,,,,,,,,,,,,,,,,,,,,,,,,,
ChatGPTSeperated,MALE,19,2026,Excellent,Gazemapping,,exer3,513567.76,142422,Exercise 3,509545.76,146592.87,,,,,,,,,,,,,,,,,,,,,,,,,,,,,,,,,,,,,,,
ChatGPTSeperated,MALE,19,2026,Excellent,Static AOI,NA,AOI 1,513567.76,142422,exer3,513567.76,142422,100,94.75,905767.93,877.85,43.68,18,17,1,7.06,7.06,93785.62,65.85,734.15,150.13,1,11,10,310,1,15.44,15.44,15.44,67589.34,47.46,218.03,383.89,66.75,0.45,13,516,NA,NA,34.4,4.15,82.94,3035.92,-3561.5,180.41,7
ChatGPTSeperated,MALE,19,2026,Excellent,Static AOI,NA,AOI 2,513567.76,142422,exer3,513567.76,142422,100,94.75,913172.82,885.03,44.04,12,11,2,22681.12,22681.12,44465.16,31.22,8959.55,417.1,3,7,6,117,2,22772.93,22772.93,22772.93,22090.02,15.51,188.8,116.77,333.68,0.45,8,299,NA,NA,48.54,2.79,97.59,3829.19,-3657.9,185.76,4
ChatGPTSeperated,MALE,19,2026,Excellent,Stimulus,,Exercise 4,656605.41,208036.97,,,,,,,,,,,,,,,,,,,,,,,,,,,,,,,,,,,,,,,,,,
ChatGPTSeperated,MALE,19,2026,Excellent,Gazemapping,,Ex 4,657187.41,207150,Exercise 4,656605.41,208036.97,,,,,,,,,,,,,,,,,,,,,,,,,,,,,,,,,,,,,,,
ChatGPTSeperated,MALE,19,2026,Excellent,Static AOI,NA,ChatGPT,657187.41,207150,Ex 4,657187.41,207150,100,78.75,954748.17,925.32,46.04,14,13,2,1574.69,1574.69,72709.38,35.1,1968.72,300.41,0,14,13,213,2,1583,1583,1583,36724.74,17.73,172.42,100.03,200.2,0.47,13,480,1549.61,1549.61,41.64,2.88,91.27,3592.44,-3358.09,182.18,7
ChatGPTSeperated,MALE,19,2026,Excellent,Static AOI,NA,Colab,657187.41,207150,Ex 4,657187.41,207150,100,78.75,941288.24,912.27,45.39,24,23,1,990.68,990.68,125297.72,60.49,567.25,8292.12,5,15,14,325,1,1032.37,1032.37,1032.37,58675.17,28.32,180.54,300.35,116.81,0.47,18,666,965.66,965.66,40.14,3.85,89.7,3349.83,-3402.95,177.67,17
ChatGPTSeperated,MALE,27,PhD student,Excellent,Stimulus,,Exercise 1,359.53,317360.19,,,,,,,,,,,,,,,,,,,,,,,,,,,,,,,,,,,,,,,,,,
ChatGPTSeperated,MALE,27,PhD student,Excellent,Gazemapping,,exercise1,17773.53,299619,Exercise 1,359.53,317360.19,,,,,,,,,,,,,,,,,,,,,,,,,,,,,,,,,,,,,,,
ChatGPTSeperated,MALE,27,PhD student,Excellent,Static AOI,NA,ChatGPT,17773.53,299619,exercise1,17773.53,299619,100,82.78,954969.93,925.53,46.05,14,13,2,13574.05,13574.05,149325.65,49.84,1635.12,1568.24,0,12,11,209,2,13632.49,13632.49,13632.49,115242.1,38.46,551.4,83.36,216.88,0.29,12,216,NA,NA,34.74,3.68,94.44,3704.86,-3639.92,180.75,3
ChatGPTSeperated,MALE,27,PhD student,Excellent,Static AOI,NA,Colab,17773.53,299619,exercise1,17773.53,299619,100,82.78,950293.66,921,45.83,16,15,1,9.82,9.82,143586.21,47.92,10460.95,200.11,1,14,13,307,1,18.13,18.13,18.13,106144.51,35.43,345.75,316.99,133.43,0.36,13,389,NA,NA,32.64,3.73,92.02,3315.41,-3643.53,185.41,7
ChatGPTSeperated,MALE,27,PhD student,Excellent,Stimulus,,Exercise 2,317957.21,567537.87,,,,,,,,,,,,,,,,,,,,,,,,,,,,,,,,,,,,,,,,,,
ChatGPTSeperated,MALE,27,PhD student,Excellent,Gazemapping,,ex2,329079.21,556130,Exercise 2,317957.21,567537.87,,,,,,,,,,,,,,,,,,,,,,,,,,,,,,,,,,,,,,,
ChatGPTSeperated,MALE,27,PhD student,Excellent,Static AOI,NA,ChatGPT,329079.21,556130,ex2,329079.21,556130,100,85.29,913168,885.02,44.04,16,15,2,212823.64,212823.64,142736.47,25.67,200.27,1234.65,0,14,13,319,2,212832.02,212832.02,212832.02,122885.25,22.1,385.22,183.57,200.16,0.27,13,332,212765.34,212765.34,33.8,3.2,84.82,3249.14,-2643.92,165.04,6
ChatGPTSeperated,MALE,27,PhD student,Excellent,Static AOI,NA,Colab,329079.21,556130,ex2,329079.21,556130,100,85.29,849428.61,823.25,40.96,31,30,1,15.73,15.73,359952.86,64.72,59429.43,5856.2,0,23,22,925,1,24.11,24.11,24.11,280025.21,50.35,302.73,216.94,200.18,0.36,24,1209,NA,NA,33.01,3.24,81.98,3053.9,-3103.28,190.19,15
ChatGPTSeperated,MALE,27,PhD student,Excellent,Stimulus,,Exercise 3,885718.47,395634.24,,,,,,,,,,,,,,,,,,,,,,,,,,,,,,,,,,,,,,,,,,
ChatGPTSeperated,MALE,27,PhD student,Excellent,Gazemapping,,exer3,891034.47,390081,Exercise 3,885718.47,395634.24,,,,,,,,,,,,,,,,,,,,,,,,,,,,,,,,,,,,,,,
ChatGPTSeperated,MALE,27,PhD student,Excellent,Static AOI,NA,AOI 1,891034.47,390081,exer3,891034.47,390081,100,86.59,905767.93,877.85,43.68,11,10,1,3.91,3.91,312598.7,80.14,133590.95,58862.02,0,8,7,597,1,12.24,12.24,12.24,238457.72,61.13,399.43,750.84,100.1,0.35,8,771,NA,NA,33.49,3.74,94.5,3457.88,-3605.75,186.58,25
ChatGPTSeperated,MALE,27,PhD student,Excellent,Static AOI,NA,AOI 2,891034.47,390081,exer3,891034.47,390081,100,86.59,913172.82,885.03,44.04,8,7,2,133611.64,133611.64,67438.3,17.29,3136.61,3320.24,0,5,4,167,2,133619.95,133619.95,133619.95,58294.03,14.94,349.07,283.91,533.9,0.25,5,173,133586.56,133586.56,34.14,3.02,84.2,3501.76,-2532.92,153.35,4
ChatGPTSeperated,MALE,27,PhD student,Excellent,Stimulus,,Exercise 4,1281581.88,421177.61,,,,,,,,,,,,,,,,,,,,,,,,,,,,,,,,,,,,,,,,,,
ChatGPTSeperated,MALE,27,PhD student,Excellent,Gazemapping,,Ex 4,1281581.88,420854,Exercise 4,1281581.88,421177.61,,,,,,,,,,,,,,,,,,,,,,,,,,,,,,,,,,,,,,,
ChatGPTSeperated,MALE,27,PhD student,Excellent,Static AOI,NA,ChatGPT,1281581.88,420854,Ex 4,1281581.88,420854,100,86.18,954748.17,925.32,46.04,27,26,1,1.99,1.99,141864.09,33.71,550.65,15182.76,1,25,24,287,1,10.3,10.3,10.3,112235.21,26.67,391.06,317.02,183.52,0.27,23,303,NA,NA,32.98,3.05,84.93,3375.46,-2951.07,178.93,12
ChatGPTSeperated,MALE,27,PhD student,Excellent,Static AOI,NA,Colab,1281581.88,420854,Ex 4,1281581.88,420854,100,86.18,941288.24,912.27,45.39,25,24,2,3138.64,3138.64,268679.2,63.84,29781.47,1685.14,0,23,22,582,2,3163.69,3163.69,3163.69,204817.54,48.67,351.92,350.98,316.97,0.34,23,727,3080.26,3080.26,33.13,3.43,95.11,3471.22,-3460.91,188.56,17
ChatGPTSeperated,MALE,20,2026,Good,Stimulus,,Exercise 1,270.63,184383.6,,,,,,,,,,,,,,,,,,,,,,,,,,,,,,,,,,,,,,,,,,
ChatGPTSeperated,MALE,20,2026,Good,Gazemapping,,exercise1,270.63,184111,Exercise 1,270.63,184383.6,,,,,,,,,,,,,,,,,,,,,,,,,,,,,,,,,,,,,,,
ChatGPTSeperated,MALE,20,2026,Good,Static AOI,NA,ChatGPT,270.63,184111,exercise1,270.63,184111,100,66.68,954969.93,925.53,46.05,17,16,2,5928.76,5928.76,116739.89,63.41,550.46,4638.27,0,14,13,162,2,5953.74,5953.74,5953.74,75815.53,41.18,468,266.94,100.14,0.27,14,165,5870.3,5870.3,32.96,2.83,79.14,3208.96,-2770.45,187,2
ChatGPTSeperated,MALE,20,2026,Good,Static AOI,NA,Colab,270.63,184111,exercise1,270.63,184111,100,66.68,950293.66,921,45.83,17,16,1,3375.97,3375.97,46599.19,25.31,2536.04,8225.37,0,17,16,111,1,3384.34,3384.34,3384.34,30748.58,16.7,277.01,250.29,450.53,0.38,17,144,NA,NA,35.13,3.67,98.29,3646.24,-3830.06,174.99,9
ChatGPTSeperated,FEMALE,19,2026,Excellent,Stimulus,,Exercise 1,261.96,324423.1,,,,,,,,,,,,,,,,,,,,,,,,,,,,,,,,,,,,,,,,,,
ChatGPTSeperated,FEMALE,19,2026,Excellent,Gazemapping,,exercise1,14974.96,309356,Exercise 1,261.96,324423.1,,,,,,,,,,,,,,,,,,,,,,,,,,,,,,,,,,,,,,,
ChatGPTSeperated,FEMALE,19,2026,Excellent,Static AOI,NA,ChatGPT,14974.96,309356,exercise1,14974.96,309356,100,71.17,954969.93,925.53,46.05,32,31,2,5641.98,5641.98,245956.54,79.51,5672.62,20021.32,0,22,21,367,2,5700.34,5700.34,5700.34,168068.24,54.33,457.95,233.62,433.83,0.25,21,383,5616.97,5616.97,32.87,3.26,86.2,3402.92,-3019.63,192.92,55
ChatGPTSeperated,FEMALE,19,2026,Excellent,Static AOI,NA,Colab,14974.96,309356,exercise1,14974.96,309356,100,71.17,950293.66,921,45.83,24,23,1,2.77,2.77,43061.58,13.92,5338.84,10244.22,0,23,22,88,1,11.07,11.07,11.07,28812.48,9.31,327.41,116.74,150.14,0.34,21,91,NA,NA,33.2,3.47,118.95,3369.04,-3935.36,184.41,12
ChatGPTSeperated,MALE,19,2026,Good,Stimulus,,Exercise 1,605.98,79024.65,,,,,,,,,,,,,,,,,,,,,,,,,,,,,,,,,,,,,,,,,,
ChatGPTSeperated,MALE,19,2026,Good,Dynamic AOI,NA,chatgpt,605.98,79024.65,Exercise 1,605.98,79024.65,100,91.03,NA,NA,NA,8,7,2,629.81,629.81,10061.63,12.73,1434.89,1067.76,1,6,5,16,2,337.86,337.86,337.86,5856.25,7.41,366.02,1718.54,1134.5,0.4,3,16,NA,NA,31.29,3.78,155.01,5928.05,-7792.39,178.41,1
ChatGPTSeperated,MALE,19,2026,Good,Dynamic AOI,NA,code,605.98,79024.65,Exercise 1,605.98,79024.65,100,91.03,NA,NA,NA,10,9,1,12.54,12.54,67544.72,85.47,600.65,48017.89,0,6,5,97,1,0,0,0,61955.47,78.4,638.72,304.47,86.22,0.36,7,110,NA,NA,37.33,5.46,121.15,4413.13,-4273.27,179.64,9
ChatGPTSeperated,MALE,19,2026,Good,Gazemapping,,exercise1,10958.98,68507,Exercise 1,605.98,79024.65,,,,,,,,,,,,,,,,,,,,,,,,,,,,,,,,,,,,,,,
ChatGPTSeperated,MALE,19,2026,Good,Static AOI,NA,ChatGPT,10958.98,68507,exercise1,10958.98,68507,100,91.01,954969.93,925.53,46.05,3,2,2,3123.91,3123.91,2419.27,3.53,383.78,1067.76,1,2,1,2,2,3148.95,3148.95,3148.95,1234.61,1.8,617.31,333.68,900.93,0.34,NA,NA,3065.52,3065.52,NA,NA,NA,NA,NA,NA,0
ChatGPTSeperated,MALE,19,2026,Good,Static AOI,NA,Colab,10958.98,68507,exercise1,10958.98,68507,100,91.01,950293.66,921,45.83,5,4,1,87.26,87.26,63067.82,92.06,3019.94,57878.45,0,3,2,82,1,129.02,129.02,129.02,56359.23,82.27,687.31,166.81,1034.4,0.38,4,99,45.57,45.57,35.24,5.5,118,4151.11,-4418.05,172.53,10
ChatGPTSeperated,MALE,19,2026,Good,Stimulus,,Exercise 2,80380.04,234270.04,,,,,,,,,,,,,,,,,,,,,,,,,,,,,,,,,,,,,,,,,,
ChatGPTSeperated,MALE,19,2026,Good,Gazemapping,,ex2,96121.04,218197,Exercise 2,80380.04,234270.04,,,,,,,,,,,,,,,,,,,,,,,,,,,,,,,,,,,,,,,
ChatGPTSeperated,MALE,19,2026,Good,Static AOI,NA,ChatGPT,96121.04,218197,ex2,96121.04,218197,100,97.16,913168,885.02,44.04,10,9,2,82887.81,82887.81,51141.23,23.44,316.99,767.48,0,8,7,60,2,82996.3,82996.3,82996.3,47683.25,21.85,794.72,183.49,333.66,0.41,7,66,NA,NA,37.93,4.11,90.99,3527.19,-3372.71,215.36,4
ChatGPTSeperated,MALE,19,2026,Good,Static AOI,NA,Colab,96121.04,218197,ex2,96121.04,218197,100,97.16,849428.61,823.25,40.96,10,9,1,16.06,16.06,164319.34,75.31,81870.74,5372.36,0,8,7,406,1,24.37,24.37,24.37,142084.79,65.12,349.96,233.56,400.44,0.32,7,454,NA,NA,36.57,3.95,93.8,3732.79,-3005.27,173.84,27
ChatGPTSeperated,MALE,19,2026,Good,Stimulus,,Exercise 3,315130.14,30598.68,,,,,,,,,,,,,,,,,,,,,,,,,,,,,,,,,,,,,,,,,,
ChatGPTSeperated,MALE,19,2026,Good,Gazemapping,,exer3,315130.14,30367,Exercise 3,315130.14,30598.68,,,,,,,,,,,,,,,,,,,,,,,,,,,,,,,,,,,,,,,
ChatGPTSeperated,MALE,19,2026,Good,Static AOI,NA,AOI 1,315130.14,30367,exer3,315130.14,30367,100,96.54,905767.93,877.85,43.68,3,2,1,6.24,6.24,25978.8,85.55,233.53,1768.63,0,3,2,72,1,14.55,14.55,14.55,22656.96,74.61,314.68,183.59,133.17,0.32,3,85,NA,NA,31.39,3.27,72.7,2875.5,-2097.28,233.72,14
ChatGPTSeperated,MALE,19,2026,Good,Static AOI,NA,AOI 2,315130.14,30367,exer3,315130.14,30367,100,96.54,913172.82,885.03,44.04,2,1,2,256.52,256.52,2969.96,9.78,2702.85,367.92,0,2,1,8,2,248.14,248.14,248.14,2752.97,9.07,344.12,150.18,300.42,0.23,2,7,NA,NA,40.58,4.48,145.28,5924.71,-4385.81,183.46,1
ChatGPTSeperated,MALE,19,2026,Good,Stimulus,,Exercise 4,346160.1,53232.65,,,,,,,,,,,,,,,,,,,,,,,,,,,,,,,,,,,,,,,,,,
ChatGPTSeperated,MALE,19,2026,Good,Gazemapping,,Ex 4,346160.1,53021,Exercise 4,346160.1,53232.65,,,,,,,,,,,,,,,,,,,,,,,,,,,,,,,,,,,,,,,
ChatGPTSeperated,MALE,19,2026,Good,Static AOI,NA,ChatGPT,346160.1,53021,Ex 4,346160.1,53021,100,94.05,954748.17,925.32,46.04,5,4,2,6399.13,6399.13,19603.42,36.97,1868.63,483.89,0,5,4,41,2,6507.56,6507.56,6507.56,15951.73,30.09,389.07,333.93,417.13,0.31,5,44,NA,NA,40.19,4.56,120.28,5050.51,-4230.98,184.29,4
ChatGPTSeperated,MALE,19,2026,Good,Static AOI,NA,Colab,346160.1,53021,Ex 4,346160.1,53021,100,94.05,941288.24,912.27,45.39,7,6,1,8.99,8.99,32616.76,61.52,6206.64,8976.13,0,6,5,44,1,84.14,84.14,84.14,28529.85,53.81,648.41,166.82,650.69,0.36,6,56,NA,NA,34,4.14,106.11,4002.95,-3014.18,148.15,2
ChatGPTSeperated,MALE,18,2026,Excellent,Stimulus,,Exercise 1,267.01,12601.05,,,,,,,,,,,,,,,,,,,,,,,,,,,,,,,,,,,,,,,,,,
ChatGPTSeperated,MALE,18,2026,Excellent,Dynamic AOI,NA,chatgpt,267.01,12601.05,Exercise 1,267.01,12601.05,100,99.07,NA,NA,NA,1,0,1,11.65,11.65,2954.15,23.44,3053.29,3053.29,0,1,0,7,1,0,0,0,2572.14,20.41,367.45,120.11,200.25,0.39,1,9,NA,NA,48.2,9.84,165.54,6273.31,-6362.34,258.68,0
ChatGPTSeperated,MALE,18,2026,Excellent,Dynamic AOI,NA,code,2140.13,10727.92,Exercise 1,267.01,12601.05,85.14,98.91,NA,NA,NA,1,0,2,1208.45,3081.57,9526.66,88.8,9510.18,9510.18,0,1,0,21,2,1216.82,3089.95,3089.95,8376.34,78.08,398.87,717.51,34.36,0.38,1,21,1183.51,3056.64,46.88,6.54,154.11,5870.48,-5281.68,177.37,3
ChatGPTSeperated,MALE,18,2026,Excellent,Gazemapping,,exercise1,6673.01,5964,Exercise 1,267.01,12601.05,,,,,,,,,,,,,,,,,,,,,,,,,,,,,,,,,,,,,,,
ChatGPTSeperated,MALE,18,2026,Excellent,Static AOI,NA,ChatGPT,6673.01,5964,exercise1,6673.01,5964,100,98.04,954969.93,925.53,46.05,NA,NA,NA,NA,NA,NA,NA,NA,NA,NA,NA,NA,NA,NA,NA,NA,5964,NA,NA,NA,NA,NA,NA,NA,NA,NA,NA,NA,NA,NA,NA,NA,NA,0
ChatGPTSeperated,MALE,18,2026,Excellent,Static AOI,NA,Colab,6673.01,5964,exercise1,6673.01,5964,100,98.04,950293.66,921,45.83,3,2,1,12.43,12.43,4627.53,77.59,3670.65,850.88,0,2,1,10,1,20.81,20.81,20.81,4904.74,82.24,490.47,166.92,717.4,0.31,3,11,NA,NA,44.04,5.91,139.64,5584.49,-5216.65,172.01,2
ChatGPTSeperated,MALE,18,2026,Excellent,Stimulus,,Exercise 2,13177.06,2458.64,,,,,,,,,,,,,,,,,,,,,,,,,,,,,,,,,,,,,,,,,,
ChatGPTSeperated,MALE,18,2026,Excellent,Gazemapping,,ex2,13605.06,1750,Exercise 2,13177.06,2458.64,,,,,,,,,,,,,,,,,,,,,,,,,,,,,,,,,,,,,,,
ChatGPTSeperated,MALE,18,2026,Excellent,Static AOI,NA,ChatGPT,13605.06,1750,ex2,13605.06,1750,100,68.57,913168,885.02,44.04,1,0,1,21.21,21.21,566.67,32.38,550.48,550.48,0,1,0,1,1,29.52,29.52,29.52,533.86,30.51,533.86,533.86,533.86,0.27,1,1,NA,NA,16.69,NA,43.78,NA,NA,NA,0
ChatGPTSeperated,MALE,18,2026,Excellent,Static AOI,NA,Colab,13605.06,1750,ex2,13605.06,1750,100,68.57,849428.61,823.25,40.96,1,0,2,589.11,589.11,616.67,35.24,599.95,599.95,0,1,0,1,2,646.82,646.82,646.82,500.5,28.6,500.5,500.5,500.5,0.44,1,1,563.37,563.37,33.38,4.38,304.92,10557.6,NA,83.04,0
ChatGPTSeperated,MALE,18,2026,Excellent,Stimulus,,Exercise 3,15897.23,24313.9,,,,,,,,,,,,,,,,,,,,,,,,,,,,,,,,,,,,,,,,,,
ChatGPTSeperated,MALE,18,2026,Excellent,Gazemapping,,exer3,15897.23,24050,Exercise 3,15897.23,24313.9,,,,,,,,,,,,,,,,,,,,,,,,,,,,,,,,,,,,,,,
ChatGPTSeperated,MALE,18,2026,Excellent,Static AOI,NA,AOI 1,15897.23,24050,exer3,15897.23,24050,100,84.66,905767.93,877.85,43.68,8,7,1,64.81,64.81,14536.81,60.44,517.21,3053.3,0,4,3,26,1,23.1,23.1,23.1,15216.77,63.27,585.26,1251.32,2385.89,0.41,4,36,1274.42,1274.42,44.01,4.83,119.24,4403.58,-4845.83,196.82,1
ChatGPTSeperated,MALE,18,2026,Excellent,Static AOI,NA,AOI 2,15897.23,24050,exer3,15897.23,24050,100,84.66,913172.82,885.03,44.04,1,0,2,10359.14,10359.14,2152.98,8.95,2135.59,2135.59,0,1,0,2,2,10450.83,10450.83,10450.83,1968.54,8.19,984.27,116.76,1851.77,0.37,1,2,10300.66,10300.66,33.5,4.77,208.6,7324.68,NA,101.15,0
ChatGPTSeperated,MALE,18,2026,Excellent,Stimulus,,Exercise 4,40523.48,63849,,,,,,,,,,,,,,,,,,,,,,,,,,,,,,,,,,,,,,,,,,
ChatGPTSeperated,MALE,18,2026,Excellent,Gazemapping,,Ex 4,40523.48,63607,Exercise 4,40523.48,63849,,,,,,,,,,,,,,,,,,,,,,,,,,,,,,,,,,,,,,,
ChatGPTSeperated,MALE,18,2026,Excellent,Static AOI,NA,ChatGPT,40523.48,63607,Ex 4,40523.48,63607,100,98.48,954748.17,925.32,46.04,2,1,2,5003.3,5003.3,16035.24,25.21,1134.51,14865.74,0,2,1,25,2,5045,5045,5045,14298.25,22.48,571.93,116.75,383.72,0.37,2,32,4944.87,4944.87,37.03,4.84,98.78,3805.65,-3427.11,162.16,2
ChatGPTSeperated,MALE,18,2026,Excellent,Static AOI,NA,Colab,40523.48,63607,Ex 4,40523.48,63607,100,98.48,941288.24,912.27,45.39,4,3,1,14.65,14.65,46870.95,73.69,483.93,18186.02,0,4,3,113,1,39.66,39.66,39.66,40877.5,64.27,361.75,233.58,984.41,0.34,4,129,NA,NA,34.52,3.61,88.27,3688.33,-2471.66,204.93,7
ChatGPTSeperated,MALE,25,Research Assistant,Excellent,Stimulus,,Exercise 1,452.27,316361.88,,,,,,,,,,,,,,,,,,,,,,,,,,,,,,,,,,,,,,,,,,
ChatGPTSeperated,MALE,25,Research Assistant,Excellent,Gazemapping,,exercise1,8955.27,307594,Exercise 1,452.27,316361.88,,,,,,,,,,,,,,,,,,,,,,,,,,,,,,,,,,,,,,,
ChatGPTSeperated,MALE,25,Research Assistant,Excellent,Static AOI,NA,ChatGPT,8955.27,307594,exercise1,8955.27,307594,100,80.84,954969.93,925.53,46.05,7,6,2,224847.64,224847.64,26728.44,8.69,834.11,1952,0,6,5,77,2,224872.6,224872.6,224872.6,18669.39,6.07,242.46,300.34,183.5,0.31,7,85,224789.18,224789.18,37.1,4.85,132.92,4760.92,-5209.05,174.87,4
ChatGPTSeperated,MALE,25,Research Assistant,Excellent,Static AOI,NA,Colab,8955.27,307594,exercise1,8955.27,307594,100,80.84,950293.66,921,45.83,17,16,1,6.58,6.58,269820.47,87.72,19237.3,817.5,0,8,7,567,1,14.97,14.97,14.97,194614.63,63.27,343.24,1101.14,100.14,0.42,10,761,NA,NA,31.05,3.34,99.87,3614.49,-3126.27,146.81,36
ChatGPTSeperated,MALE,25,Research Assistant,Excellent,Stimulus,,Exercise 2,317047.89,991982.62,,,,,,,,,,,,,,,,,,,,,,,,,,,,,,,,,,,,,,,,,,
ChatGPTSeperated,MALE,25,Research Assistant,Excellent,Gazemapping,,ex2,334820.89,973994,Exercise 2,317047.89,991982.62,,,,,,,,,,,,,,,,,,,,,,,,,,,,,,,,,,,,,,,
ChatGPTSeperated,MALE,25,Research Assistant,Excellent,Static AOI,NA,ChatGPT,334820.89,973994,ex2,334820.89,973994,100,89.52,913168,885.02,44.04,55,54,2,30137.71,30137.71,319675.99,32.82,3353.52,1484.99,1,39,38,909,2,30146.1,30146.1,30146.1,246954.94,25.35,271.68,100.06,300.27,0.36,38,1178,NA,NA,33.7,3.35,87.05,3399.34,-2978.54,176.62,25
ChatGPTSeperated,MALE,25,Research Assistant,Excellent,Static AOI,NA,Colab,334820.89,973994,ex2,334820.89,973994,100,89.52,849428.61,823.25,40.96,58,57,1,5.93,5.93,624686.25,64.14,29564.55,1751.86,0,40,39,1635,1,14.29,14.29,14.29,482173.18,49.5,294.91,300.36,901,0.4,44,2141,NA,NA,33.9,3.74,92.49,3412.92,-3542.02,172.38,58
ChatGPTSeperated,MALE,25,Research Assistant,Excellent,Stimulus,,Exercise 3,1309263.63,465918.07,,,,,,,,,,,,,,,,,,,,,,,,,,,,,,,,,,,,,,,,,,
ChatGPTSeperated,MALE,25,Research Assistant,Excellent,Gazemapping,,exer3,1309263.63,465585,Exercise 3,1309263.63,465918.07,,,,,,,,,,,,,,,,,,,,,,,,,,,,,,,,,,,,,,,
ChatGPTSeperated,MALE,25,Research Assistant,Excellent,Static AOI,NA,AOI 1,1309263.63,465585,exer3,1309263.63,465585,100,84.09,905767.93,877.85,43.68,29,28,1,8.15,8.15,374123.06,80.36,483.84,10477.75,1,15,14,851,1,16.47,16.47,16.47,280198.23,60.18,329.26,83.41,166.82,0.4,17,1191,NA,NA,33.45,3.84,95.59,3404.69,-3726.29,164.89,28
ChatGPTSeperated,MALE,25,Research Assistant,Excellent,Static AOI,NA,AOI 2,1309263.63,465585,exer3,1309263.63,465585,100,84.09,913172.82,885.03,44.04,12,11,2,1709.9,1709.9,61997.92,13.32,1701.87,533.88,2,8,7,167,2,1734.95,1734.95,1734.95,47899.91,10.29,286.83,133.45,216.89,0.34,10,193,1634.85,1634.85,39.41,4.11,111.79,4275.79,-3975.47,178.51,5
ChatGPTSeperated,MALE,25,Research Assistant,Excellent,Stimulus,,Exercise 4,1775428.79,343665.32,,,,,,,,,,,,,,,,,,,,,,,,,,,,,,,,,,,,,,,,,,
ChatGPTSeperated,MALE,25,Research Assistant,Excellent,Gazemapping,,Ex 4,1775428.79,343297,Exercise 4,1775428.79,343665.32,,,,,,,,,,,,,,,,,,,,,,,,,,,,,,,,,,,,,,,
ChatGPTSeperated,MALE,25,Research Assistant,Excellent,Static AOI,NA,ChatGPT,1775428.79,343297,Ex 4,1775428.79,343297,100,91.6,954748.17,925.32,46.04,8,7,2,1253.39,1253.39,38807.78,11.3,850.89,383.72,0,6,5,91,2,1278.41,1278.41,1278.41,26294.75,7.66,288.95,116.76,350.36,0.35,6,113,1194.97,1194.97,39.72,6.44,138.69,5586.12,-6259.82,165.3,6
ChatGPTSeperated,MALE,25,Research Assistant,Excellent,Static AOI,NA,Colab,1775428.79,343297,Ex 4,1775428.79,343297,100,91.6,941288.24,912.27,45.39,11,10,1,2.03,2.03,301068.93,87.7,333.61,74678.75,1,8,7,740,1,60.38,60.38,60.38,242112.41,70.53,327.18,183.6,400.44,0.4,8,943,NA,NA,34.14,3.84,89.98,3353.47,-3604.99,183.06,34
ChatGPTSeperated,MALE,26,PhD student,Excellent,Stimulus,,Exercise 1,455.89,542406.4,,,,,,,,,,,,,,,,,,,,,,,,,,,,,,,,,,,,,,,,,,
ChatGPTSeperated,MALE,26,PhD student,Excellent,Gazemapping,,exercise1,13514.89,529089,Exercise 1,455.89,542406.4,,,,,,,,,,,,,,,,,,,,,,,,,,,,,,,,,,,,,,,
ChatGPTSeperated,MALE,26,PhD student,Excellent,Static AOI,NA,ChatGPT,13514.89,529089,exercise1,13514.89,529089,100,71.87,954969.93,925.53,46.05,17,16,2,134214.75,134214.75,47366.41,8.95,467.13,500.5,0,14,13,100,2,134256.37,134256.37,134256.37,30548.67,5.77,305.49,166.88,216.89,0.25,14,97,134156.33,134156.33,34.06,3.71,94.88,4023.21,-3333.65,147.62,3
ChatGPTSeperated,MALE,26,PhD student,Excellent,Static AOI,NA,Colab,13514.89,529089,exercise1,13514.89,529089,100,71.87,950293.66,921,45.83,21,20,1,5.77,5.77,472896.65,89.38,35921.37,3053.26,1,16,15,694,1,14.15,14.15,14.15,308239.05,58.26,444.15,116.81,133.44,0.32,17,857,NA,NA,34.56,3.8,150.3,5258.08,-5322.93,172.25,44
ChatGPTSeperated,MALE,26,PhD student,Excellent,Stimulus,,Exercise 2,543108.88,1445954.36,,,,,,,,,,,,,,,,,,,,,,,,,,,,,,,,,,,,,,,,,,
ChatGPTSeperated,MALE,26,PhD student,Excellent,Gazemapping,,ex2,554442.88,1434252,Exercise 2,543108.88,1445954.36,,,,,,,,,,,,,,,,,,,,,,,,,,,,,,,,,,,,,,,
ChatGPTSeperated,MALE,26,PhD student,Excellent,Static AOI,NA,ChatGPT,554442.88,1434252,ex2,554442.88,1434252,100,75.01,913168,885.02,44.04,82,81,2,44631.28,44631.28,229793.32,16.02,433.88,233.63,0,51,50,454,2,44656.34,44656.34,44656.34,165494.41,11.54,364.53,400.44,200.27,0.27,44,428,NA,NA,35.31,4,103.93,4314.92,-3757.85,181.96,4
ChatGPTSeperated,MALE,26,PhD student,Excellent,Static AOI,NA,Colab,554442.88,1434252,ex2,554442.88,1434252,100,75.01,849428.61,823.25,40.96,100,99,1,0.68,0.68,1098946.96,76.62,44613.97,183.54,1,50,49,1969,1,9.05,9.05,9.05,792404.52,55.25,402.44,216.95,333.66,0.3,49,2254,NA,NA,34.6,3.52,116.08,4336.46,-4054.91,190.88,56
ChatGPTSeperated,MALE,26,PhD student,Excellent,Stimulus,,Exercise 3,1989294.43,1250287.22,,,,,,,,,,,,,,,,,,,,,,,,,,,,,,,,,,,,,,,,,,
ChatGPTSeperated,MALE,26,PhD student,Excellent,Gazemapping,,exer3,2026397.43,1212809,Exercise 3,1989294.43,1250287.22,,,,,,,,,,,,,,,,,,,,,,,,,,,,,,,,,,,,,,,
ChatGPTSeperated,MALE,26,PhD student,Excellent,Static AOI,NA,AOI 1,2026397.43,1212809,exer3,2026397.43,1212809,100,77.28,905767.93,877.85,43.68,67,66,1,2.15,2.15,901131.17,74.3,69306.7,1751.87,1,23,22,1636,1,10.48,10.48,10.48,664791.62,54.81,406.35,150.16,266.93,0.32,28,1875,NA,NA,33.78,3.36,114.29,4236.93,-3996.99,187.64,35
ChatGPTSeperated,MALE,26,PhD student,Excellent,Static AOI,NA,AOI 2,2026397.43,1212809,exer3,2026397.43,1212809,100,77.28,913172.82,885.03,44.04,52,51,2,105113.18,105113.18,238567.6,19.67,800.87,650.74,0,26,25,564,2,105121.5,105121.5,105121.5,170717.53,14.08,302.69,300.31,150.18,0.3,26,590,105071.44,105071.44,33.98,3.16,80.52,3185.37,-2784.25,177.92,14
ChatGPTSeperated,MALE,26,PhD student,Excellent,Stimulus,,Exercise 4,3239826.38,665267.45,,,,,,,,,,,,,,,,,,,,,,,,,,,,,,,,,,,,,,,,,,
ChatGPTSeperated,MALE,26,PhD student,Excellent,Gazemapping,,Ex 4,3239826.38,664978,Exercise 4,3239826.38,665267.45,,,,,,,,,,,,,,,,,,,,,,,,,,,,,,,,,,,,,,,
ChatGPTSeperated,MALE,26,PhD student,Excellent,Static AOI,NA,ChatGPT,3239826.38,664978,Ex 4,3239826.38,664978,100,83.75,954748.17,925.32,46.04,38,37,1,54.71,54.71,203412.49,30.59,250.28,7541.42,0,38,37,387,1,29.66,29.66,29.66,118229.07,17.78,305.5,250.26,317,0.32,36,396,NA,NA,32.56,3.48,83.4,3305.31,-3372.28,171.66,9
ChatGPTSeperated,MALE,26,PhD student,Excellent,Static AOI,NA,Colab,3239826.38,664978,Ex 4,3239826.38,664978,100,83.75,941288.24,912.27,45.39,45,44,2,1155.83,1155.83,445899.14,67.05,300.37,1301.38,0,43,42,1194,2,1265.61,1265.61,1265.61,350139.33,52.65,293.25,148.92,133.44,0.34,42,1418,NA,NA,37.83,3.95,103.75,3847.82,-3941.56,194.5,34
ChatGPTSeperated,MALE,22,2024,Good,Stimulus,,Exercise 1,241.39,303579.01,,,,,,,,,,,,,,,,,,,,,,,,,,,,,,,,,,,,,,,,,,
ChatGPTSeperated,MALE,22,2024,Good,Gazemapping,,exercise1,5511.39,297997,Exercise 1,241.39,303579.01,,,,,,,,,,,,,,,,,,,,,,,,,,,,,,,,,,,,,,,
ChatGPTSeperated,MALE,22,2024,Good,Static AOI,NA,ChatGPT,5511.39,297997,exercise1,5511.39,297997,100,76.16,954969.93,925.53,46.05,9,8,2,5568.57,5568.57,18620.64,6.25,250.28,583.86,1,6,5,38,2,5576.9,5576.9,5576.9,9282.33,3.11,244.27,233.56,100.1,0.32,8,44,5510.14,5510.14,40.07,3.72,111.55,3921.1,-3433.92,161.99,1
ChatGPTSeperated,MALE,22,2024,Good,Static AOI,NA,Colab,5511.39,297997,exercise1,5511.39,297997,100,76.16,950293.66,921,45.83,14,13,1,12.69,12.69,263642.25,88.47,2886.39,18302.59,0,7,6,536,1,37.66,37.66,37.66,178852.31,60.02,333.68,500.52,66.76,0.4,8,751,NA,NA,36.66,4.06,104.08,3228.56,-4035.25,175.54,13
ChatGPTSeperated,MALE,22,2024,Good,Stimulus,,Exercise 2,304057.77,159201.88,,,,,,,,,,,,,,,,,,,,,,,,,,,,,,,,,,,,,,,,,,
ChatGPTSeperated,MALE,22,2024,Good,Gazemapping,,ex2,306286.77,156663,Exercise 2,304057.77,159201.88,,,,,,,,,,,,,,,,,,,,,,,,,,,,,,,,,,,,,,,
ChatGPTSeperated,MALE,22,2024,Good,Static AOI,NA,ChatGPT,306286.77,156663,ex2,306286.77,156663,100,85.94,913168,885.02,44.04,12,11,1,5.22,5.22,48784.09,31.14,4905.12,233.62,0,6,5,130,1,13.53,13.53,13.53,33485.98,21.37,257.58,400.47,200.25,0.33,7,165,NA,NA,38.93,3.8,112.57,4082.53,-3914.43,175.47,9
ChatGPTSeperated,MALE,22,2024,Good,Static AOI,NA,Colab,306286.77,156663,ex2,306286.77,156663,100,85.94,849428.61,823.25,40.96,11,10,2,4927.09,4927.09,98986.32,63.18,367.03,10978.25,0,7,6,300,2,5002.17,5002.17,5002.17,74911.98,47.82,249.71,166.83,266.92,0.35,7,356,4902.03,4902.03,40.03,4.58,106.07,3726.84,-4074,158.66,7
ChatGPTSeperated,MALE,22,2024,Good,Stimulus,,Exercise 3,463700.02,420303.62,,,,,,,,,,,,,,,,,,,,,,,,,,,,,,,,,,,,,,,,,,
ChatGPTSeperated,MALE,22,2024,Good,Gazemapping,,exer3,466760.02,416995,Exercise 3,463700.02,420303.62,,,,,,,,,,,,,,,,,,,,,,,,,,,,,,,,,,,,,,,
ChatGPTSeperated,MALE,22,2024,Good,Static AOI,NA,AOI 1,466760.02,416995,exer3,466760.02,416995,100,80.79,905767.93,877.85,43.68,46,45,2,301.69,301.69,291933.2,70.01,350.34,24692.87,2,15,14,826,2,426.88,426.88,426.88,217335.5,52.12,263.12,133.42,183.55,0.33,17,1059,276.99,276.99,38.89,4.16,105.74,3663.93,-4052.22,172.52,42
ChatGPTSeperated,MALE,22,2024,Good,Static AOI,NA,AOI 2,466760.02,416995,exer3,466760.02,416995,100,80.79,913172.82,885.03,44.04,37,36,1,1.56,1.56,75344.06,18.07,284.13,1368.14,3,14,13,164,1,9.8,9.8,9.8,51136.53,12.26,311.81,267.19,884.24,0.36,22,258,NA,NA,38.35,4.13,100.7,3608,-4302.05,176.26,10
ChatGPTSeperated,MALE,22,2024,Good,Stimulus,,Exercise 4,884223.72,575339.72,,,,,,,,,,,,,,,,,,,,,,,,,,,,,,,,,,,,,,,,,,
ChatGPTSeperated,MALE,22,2024,Good,Gazemapping,,Ex 4,884223.72,575104,Exercise 4,884223.72,575339.72,,,,,,,,,,,,,,,,,,,,,,,,,,,,,,,,,,,,,,,
ChatGPTSeperated,MALE,22,2024,Good,Static AOI,NA,ChatGPT,884223.72,575104,Ex 4,884223.72,575104,100,81.06,954748.17,925.32,46.04,12,11,2,980.11,980.11,50971.68,8.86,550.48,2319.1,0,11,10,104,2,1021.78,1021.78,1021.78,23825.4,4.14,229.09,116.83,350.37,0.36,11,148,921.64,921.64,38.67,3.54,100.26,3808.77,-3887.63,181.43,5
ChatGPTSeperated,MALE,22,2024,Good,Static AOI,NA,Colab,884223.72,575104,Ex 4,884223.72,575104,100,81.06,941288.24,912.27,45.39,17,16,1,12.33,12.33,517708.72,90.02,951.01,59162.56,1,11,10,1281,1,70.76,70.76,70.76,342876.31,59.62,267.66,116.75,200.18,0.36,11,1811,NA,NA,39.55,3.89,99.47,3389.59,-3691.79,178.54,42